Date;Open;High;Low;Close;Adj Close;Volume
7.8.2014;15.95;16;13.61;14.32;14.32;2917800
8.8.2014;14.08;14.32;13.4;13.4;13.4;266500
11.8.2014;13.5;13.76;13.48;13.7;13.7;61900
12.8.2014;13.8;15.41;13.8;15.16;15.16;123400
13.8.2014;15.5;17.24;15.04;16.77;16.77;185200
14.8.2014;16.92;17.374001;16.780001;17.290001;17.290001;94300
15.8.2014;17.290001;17.329;16.6;17;17;35900
18.8.2014;16.940001;20;16.940001;19.59;19.59;103000
19.8.2014;19.879999;19.879999;18.34;19.6;19.6;65500
20.8.2014;19.6;24.459999;19.6;22.969999;22.969999;171700
21.8.2014;24.110001;24.5;19.01;20.43;20.43;174600
22.8.2014;21.85;23;20.917;21.74;21.74;92600
25.8.2014;22.34;23;21.059999;21.32;21.32;41800
26.8.2014;21.120001;22.299999;21.120001;22.209999;22.209999;46900
27.8.2014;22.450001;23;21;21.200001;21.200001;113300
28.8.2014;21.110001;22.4;20.681;22.1;22.1;64100
29.8.2014;22;23.379999;21.719999;23.209999;23.209999;99000
2.9.2014;22.969999;22.969999;20.700001;20.77;20.77;120600
3.9.2014;20.76;22.403999;20.75;20.99;20.99;91700
4.9.2014;21.01;21.23;19.25;20;20;70100
5.9.2014;19.65;19.85;19.01;19.66;19.66;52500
8.9.2014;19.48;20.389999;19.459999;20.049999;20.049999;71600
9.9.2014;19.99;20.493;19.34;19.59;19.59;70000
10.9.2014;19.5;19.5;18;18.549999;18.549999;82600
11.9.2014;18;19.23;18;18.43;18.43;86700
12.9.2014;18.059999;18.275;17.549999;17.75;17.75;122300
15.9.2014;18.35;18.42;16.860001;17.709999;17.709999;67600
16.9.2014;18.280001;18.280001;17;17.23;17.23;74000
17.9.2014;17.120001;18.128;16.700001;16.969999;16.969999;44400
18.9.2014;16.860001;17;16.040001;16.129999;16.129999;52900
19.9.2014;16.18;16.459;15.69;16.17;16.17;172500
22.9.2014;16;17.459999;15.936;16.93;16.93;51900
23.9.2014;21.83;22.83;18.1;18.549999;18.549999;435700
24.9.2014;18.42;18.99;17.32;17.93;17.93;107100
25.9.2014;18;18.25;17.01;17.969999;17.969999;90800
26.9.2014;18;18;17.5;18;18;130800
29.9.2014;17.9;18.15;17.5;17.790001;17.790001;115600
30.9.2014;17.85;18.27;17.549999;18.09;18.09;627700
1.10.2014;18;18;17.190001;17.360001;17.360001;198900
2.10.2014;17.75;17.85;17.52;17.700001;17.700001;105100
3.10.2014;17.77;18;17.77;17.9;17.9;56600
6.10.2014;17.860001;17.995001;17.4;17.68;17.68;48300
7.10.2014;17.5;17.5;16.84;16.879999;16.879999;53400
8.10.2014;16.9;17;16.82;16.879999;16.879999;26600
9.10.2014;16.809999;16.9;15.54;15.59;15.59;60900
10.10.2014;15.57;15.65;15;15.16;15.16;72000
13.10.2014;15.09;15.09;14.49;14.77;14.77;32400
14.10.2014;14.84;14.92;14;14.33;14.33;67000
15.10.2014;14;14.69;13.75;14.59;14.59;207500
16.10.2014;14.4;14.45;14;14.25;14.25;13200
17.10.2014;14.75;15.808;14;14.12;14.12;29900
20.10.2014;14.288;14.289;13.6;13.91;13.91;13700
21.10.2014;13.7;14.24;13.5;14.23;14.23;91100
22.10.2014;14.19;14.76;13.75;13.87;13.87;78000
23.10.2014;13.95;14.64;13.75;14.4;14.4;482200
24.10.2014;14.3;14.45;14.08;14.11;14.11;32300
27.10.2014;13.98;14.19;13.89;14.05;14.05;20100
28.10.2014;14.08;14.88;14.08;14.65;14.65;68700
29.10.2014;14.79;16.290001;14.65;16.110001;16.110001;176900
30.10.2014;16;16.780001;15.03;16.27;16.27;45000
31.10.2014;16.530001;16.57;15.14;16.15;16.15;79000
3.11.2014;16.18;16.700001;15.15;15.38;15.38;93900
4.11.2014;15.09;15.58;14.91;15.04;15.04;37200
5.11.2014;14.8;16.1;13.81;14.16;14.16;122400
6.11.2014;14.207;14.63;14.2;14.56;14.56;27300
7.11.2014;14.5;15.065;14.358;14.89;14.89;46200
10.11.2014;15;15.895;15;15.26;15.26;30100
11.11.2014;15.34;15.95;15.12;15.32;15.32;52600
12.11.2014;15.2;15.66;14.16;14.53;14.53;81700
13.11.2014;14.75;15.15;14.67;14.87;14.87;56200
14.11.2014;14.83;16.056;14.73;15.95;15.95;50100
17.11.2014;15.83;16.059999;15.53;15.89;15.89;30700
18.11.2014;15.97;16.6;15.66;16.41;16.41;33200
19.11.2014;16.299999;16.75;15.52;15.96;15.96;29300
20.11.2014;16.02;16.030001;15.11;15.31;15.31;29700
21.11.2014;15.57;16.75;15.19;16.59;16.59;46000
24.11.2014;16.879999;17.767;16.51;17.68;17.68;67100
25.11.2014;18.209999;19.174999;17.299999;17.9;17.9;124500
26.11.2014;18.01;18.139999;17.190001;18.08;18.08;42000
28.11.2014;17.91;18.209999;17.243999;17.92;17.92;38000
1.12.2014;18.049999;18.049999;16.76;17.01;17.01;41200
2.12.2014;16.624001;18.780001;16.624001;18.76;18.76;63400
3.12.2014;18.84;19.450001;18.110001;19.15;19.15;43800
4.12.2014;19.08;19.76;18.299999;18.91;18.91;33800
5.12.2014;18.940001;19.27;18.110001;18.559999;18.559999;34400
8.12.2014;18.65;18.65;17;17.01;17.01;45900
9.12.2014;17;17.950001;16.629999;17.940001;17.940001;39700
10.12.2014;17.98;18.24;17.209999;17.91;17.91;27700
11.12.2014;18.01;18.530001;16.66;16.73;16.73;40700
12.12.2014;16.51;17.52;16.299999;17.18;17.18;46200
15.12.2014;17.190001;17.799999;17.190001;17.4;17.4;16500
16.12.2014;17.200001;18.26;17.200001;17.73;17.73;30500
17.12.2014;18.049999;18.110001;17.42;18.110001;18.110001;34000
18.12.2014;18.219999;18.34;17.889999;18.129999;18.129999;28800
19.12.2014;17.969999;18.040001;17.709999;17.75;17.75;63200
22.12.2014;17.75;17.809999;16.92;17.690001;17.690001;34000
23.12.2014;17.149;18.23;17.120001;17.99;17.99;19800
24.12.2014;19.82;19.82;18.797001;18.799999;18.799999;33500
26.12.2014;19.129999;19.5;18.59;18.67;18.67;17300
29.12.2014;18.610001;19.200001;18.610001;19.02;19.02;17600
30.12.2014;19.02;19.08;18.5;18.799999;18.799999;17000
31.12.2014;18.780001;19.49;18.08;19.24;19.24;35300
2.1.2015;19.1;19.809999;18.01;19.32;19.32;27400
5.1.2015;19.139999;19.98;18.65;19.940001;19.940001;89900
6.1.2015;19.940001;20.5;18.450001;18.639999;18.639999;47300
7.1.2015;18.84;18.84;17.9;18.52;18.52;34400
8.1.2015;18.700001;20;17.950001;19.98;19.98;30600
9.1.2015;19.91;21.4;19.82;21.129999;21.129999;85000
12.1.2015;21.969999;22.540001;21.299999;21.790001;21.790001;29800
13.1.2015;22.309999;23;22.120001;22.9;22.9;67500
14.1.2015;22.9;24;22.621;23.4;23.4;219200
15.1.2015;23.4;24.040001;22.32;22.73;22.73;29100
16.1.2015;22.65;22.77;20.5;22.299999;22.299999;54900
20.1.2015;22.5;22.555;21.120001;22.09;22.09;32700
21.1.2015;21.91;21.99;21.065001;21.49;21.49;20800
22.1.2015;21.52;22;21.01;21.5;21.5;27800
23.1.2015;21.389999;21.860001;20.07;20.07;20.07;28300
26.1.2015;19.969999;22;19.940001;21.530001;21.530001;60100
27.1.2015;21.559999;21.870001;19.76;21.42;21.42;32400
28.1.2015;21.059999;22.17;21.01;21.809999;21.809999;46500
29.1.2015;21.5;22.290001;21.5;22.219999;22.219999;51700
30.1.2015;21.959999;22.6;21.5;21.629999;21.629999;62900
2.2.2015;21.790001;21.950001;20.860001;21.379999;21.379999;33500
3.2.2015;20.91;22.212999;20.84;21;21;126300
4.2.2015;20.950001;21.01;19.200001;19.52;19.52;52700
5.2.2015;19.549999;21;19.26;20.91;20.91;67600
6.2.2015;20.99;21.049999;20.02;20.389999;20.389999;89400
9.2.2015;20.200001;20.691999;20.200001;20.32;20.32;21100
10.2.2015;20.299999;20.459999;19.5;19.58;19.58;30400
11.2.2015;19.700001;19.85;19.190001;19.74;19.74;39200
12.2.2015;19.75;20.209999;19.75;20.1;20.1;18300
13.2.2015;20.16;21;19.889999;19.950001;19.950001;52600
17.2.2015;19.799999;20.01;19.780001;20.01;20.01;26600
18.2.2015;19.75;20.5;19.57;19.84;19.84;38900
19.2.2015;19.290001;20;18.5;18.65;18.65;95700
20.2.2015;18.709999;18.709999;17.129999;17.52;17.52;102000
23.2.2015;17.549999;17.549999;16.5;16.51;16.51;160500
24.2.2015;16.5;16.950001;16.5;16.93;16.93;174000
25.2.2015;16.969999;17.17;16.6;16.82;16.82;121900
26.2.2015;16.85;16.9;16.700001;16.74;16.74;36900
27.2.2015;16.65;16.77;16.5;16.58;16.58;47700
2.3.2015;16.09;16.58;14.71;15.76;15.76;267400
3.3.2015;15.76;15.998;15.19;15.2;15.2;110600
4.3.2015;15;15.25;14.84;15.06;15.06;136000
5.3.2015;15.01;15.758;14.8;15.13;15.13;137700
6.3.2015;15.07;15.35;14.9;15.09;15.09;110900
9.3.2015;15.14;15.65;15;15.56;15.56;70200
10.3.2015;15.5;15.505;14.88;15.11;15.11;113300
11.3.2015;15.22;15.61;15.01;15.27;15.27;111800
12.3.2015;15.32;15.37;14.83;14.98;14.98;194400
13.3.2015;15;15.09;14.921;15.01;15.01;75600
16.3.2015;15;15.305;14.77;15.04;15.04;193300
17.3.2015;15.75;16.455999;15.5;15.94;15.94;384200
18.3.2015;17;17.368;16.299999;16.709999;16.709999;348700
19.3.2015;16.75;17.110001;16.549999;16.959999;16.959999;180300
20.3.2015;16.75;16.950001;16.27;16.77;16.77;153800
23.3.2015;16.690001;16.75;16.25;16.530001;16.530001;76900
24.3.2015;16.559999;16.99;16.52;16.700001;16.700001;62900
25.3.2015;16.690001;16.780001;15.75;16.01;16.01;130200
26.3.2015;16;16;15.506;15.66;15.66;101200
27.3.2015;15.75;16.17;15.66;15.98;15.98;66500
30.3.2015;15.82;16.200001;15.76;15.79;15.79;59100
31.3.2015;15.87;15.994;15.44;15.52;15.52;87300
1.4.2015;15.6;16.747999;15.41;16.200001;16.200001;117100
2.4.2015;16.459999;16.98;16.219999;16.879999;16.879999;84900
6.4.2015;16.879999;17.74;16.74;17.65;17.65;87000
7.4.2015;17.700001;17.74;16.9;17.25;17.25;51300
8.4.2015;17.92;18.469999;17.34;18.459999;18.459999;157000
9.4.2015;18.41;19;18.27;18.99;18.99;114400
10.4.2015;19.129999;19.25;18.5;18.639999;18.639999;76100
13.4.2015;18.76;19.41;18.59;19.25;19.25;110200
14.4.2015;19.190001;19.714001;18.860001;19.07;19.07;41200
15.4.2015;19.209999;19.898001;17.940001;19.49;19.49;64400
16.4.2015;19.51;19.74;19;19.32;19.32;53200
17.4.2015;19.17;19.318001;18.305;18.950001;18.950001;85200
20.4.2015;19.02;19.205999;17.09;17.57;17.57;229200
21.4.2015;17.620001;18;17.155001;17.25;17.25;75600
22.4.2015;17.18;17.914;15.85;16.1;16.1;158800
23.4.2015;16.5;17.65;15.94;17.48;17.48;109600
24.4.2015;17.559999;17.757999;16.76;16.92;16.92;38000
27.4.2015;16.9;17.25;16.469999;16.59;16.59;84600
28.4.2015;16.51;16.549999;15.8;16.16;16.16;47300
29.4.2015;15.99;16.43;15.75;15.86;15.86;102800
30.4.2015;15.9;15.9;15.28;15.47;15.47;85800
1.5.2015;15.33;15.69;14.63;15.13;15.13;174600
4.5.2015;15.21;16.01;15.18;15.39;15.39;134300
5.5.2015;15.27;15.63;14.755;14.92;14.92;97700
6.5.2015;16.26;16.84;15.33;16.190001;16.190001;349700
7.5.2015;16.25;16.620001;15.69;15.77;15.77;128300
8.5.2015;15.67;16.459999;15.67;15.92;15.92;76900
11.5.2015;15.98;16.799999;15.88;16.639999;16.639999;103900
12.5.2015;16.620001;17.17;16.469999;17.09;17.09;107500
13.5.2015;17.26;17.26;16.719999;16.879999;16.879999;49700
14.5.2015;17.15;17.299999;16.83;16.99;16.99;58800
15.5.2015;16.99;17.280001;16.709999;17.08;17.08;50200
18.5.2015;17.143;17.48;17.073999;17.4;17.4;49300
19.5.2015;17.586;17.587;16.23;16.450001;16.450001;115400
20.5.2015;16.700001;16.700001;15.73;16.440001;16.440001;77300
21.5.2015;16.511;17.290001;16.209;17.25;17.25;60400
22.5.2015;17.200001;17.790001;17.09;17.18;17.18;49700
26.5.2015;17.24;17.24;16.280001;16.620001;16.620001;45200
27.5.2015;16.57;17.219999;16.35;17.08;17.08;57600
28.5.2015;17.07;17.309999;16.700001;17.030001;17.030001;39100
29.5.2015;16.98;17.136;16.76;16.790001;16.790001;59300
1.6.2015;16.75;17.349001;16.431999;17.219999;17.219999;49700
2.6.2015;17.190001;17.99;17;17.5;17.5;85800
3.6.2015;17.799999;17.99;17.469999;17.85;17.85;70700
4.6.2015;17.690001;18.139999;17.370001;18.059999;18.059999;116100
5.6.2015;17.99;18.219999;17.870001;18.120001;18.120001;72200
8.6.2015;18.059999;18.190001;17.459999;17.99;17.99;69500
9.6.2015;18;18.23;17.5;18.07;18.07;37000
10.6.2015;18.200001;18.379999;17.75;18.32;18.32;113100
11.6.2015;18.27;18.780001;18.200001;18.709999;18.709999;73800
12.6.2015;18.67;19.120001;18.040001;19;19;102000
15.6.2015;17.790001;18.722;17.6;18;18;113400
16.6.2015;17.940001;18.469999;17.940001;18.25;18.25;46900
17.6.2015;18.299999;18.99;18.27;18.75;18.75;45600
18.6.2015;18.83;19;18.209999;18.709999;18.709999;297000
19.6.2015;18.58;18.77;18.049999;18.59;18.59;141500
22.6.2015;18.540001;18.58;18.040001;18.32;18.32;90200
23.6.2015;18.32;18.360001;18;18.219999;18.219999;56500
24.6.2015;18.110001;18.110001;17.07;17.41;17.41;81700
25.6.2015;17.5;17.5;16.5;16.93;16.93;76500
26.6.2015;16.889999;17.059999;16.540001;16.860001;16.860001;407500
29.6.2015;16.66;16.77;15.93;16.18;16.18;104300
30.6.2015;15.9;16.4;15.9;16.23;16.23;80900
1.7.2015;16.313;16.35;15.37;15.7;15.7;113100
2.7.2015;15.74;16.049999;15.26;15.52;15.52;82200
6.7.2015;15.52;16.389999;15.27;16.26;16.26;129000
7.7.2015;16.33;16.5;16.049999;16.379999;16.379999;101900
8.7.2015;16.23;16.5;15.76;15.9;15.9;72400
9.7.2015;16.32;16.5;15.75;15.99;15.99;93200
10.7.2015;16.030001;17.27;15.9;16.83;16.83;118600
13.7.2015;16.940001;17.1;16.26;16.879999;16.879999;62500
14.7.2015;16.799999;16.959999;16.309999;16.5;16.5;85400
15.7.2015;16.5;16.669001;15.86;16.08;16.08;83200
16.7.2015;16.23;16.940001;15.96;16.26;16.26;164100
17.7.2015;16.469999;16.73;15.9;16.6;16.6;118500
20.7.2015;16.559999;16.610001;15.85;16.110001;16.110001;84600
21.7.2015;16.02;16.02;15.14;15.6;15.6;201100
22.7.2015;15.57;15.584;14.91;15.35;15.35;153100
23.7.2015;15.47;15.598;14.95;15.04;15.04;88300
24.7.2015;15;15.208;14.41;14.45;14.45;86500
27.7.2015;14.29;14.29;13.61;13.81;13.81;137700
28.7.2015;13.81;15.87;13.643;14.11;14.11;118900
29.7.2015;14.09;14.748;13.96;14.49;14.49;73500
30.7.2015;14.28;14.49;13.84;14.28;14.28;78900
31.7.2015;14.28;14.607;14.13;14.41;14.41;91000
3.8.2015;14.59;14.98;14.138;14.3;14.3;49600
4.8.2015;14.36;14.637;13.94;14.36;14.36;50600
5.8.2015;15;15.35;14.358;14.94;14.94;165200
6.8.2015;14.98;14.98;13.9;14.04;14.04;82400
7.8.2015;14.01;14.01;12.85;13.06;13.06;95400
10.8.2015;13.16;14.14;12.46;12.76;12.76;151000
11.8.2015;12.75;13.099;12.1;12.6;12.6;104800
12.8.2015;12.49;12.96;12.25;12.86;12.86;54100
13.8.2015;12.9;13.375;12.68;12.9;12.9;81000
14.8.2015;12.84;13;12.285;12.99;12.99;73000
17.8.2015;13.1;13.55;12.64;13.51;13.51;89800
18.8.2015;13.39;13.651;13.18;13.25;13.25;52500
19.8.2015;13.04;13.04;12.12;12.46;12.46;103300
20.8.2015;12.25;12.68;11.71;12.5;12.5;105800
21.8.2015;12.1;12.97;12.1;12.46;12.46;76200
24.8.2015;12.09;12.1;11.08;11.96;11.96;152000
25.8.2015;12.52;12.52;11.3;11.3;11.3;113400
26.8.2015;11.57;12.13;11;12.06;12.06;302800
27.8.2015;12.13;12.21;11.9;12.06;12.06;92900
28.8.2015;12;12.13;11.841;12.1;12.1;52400
31.8.2015;12.08;12.18;11.86;11.88;11.88;30600
1.9.2015;11.64;11.7;11.02;11.42;11.42;84800
2.9.2015;11.3;11.3;10.52;11.02;11.02;71500
3.9.2015;11.54;11.58;10.95;11.06;11.06;182000
4.9.2015;10.84;11.65;10.812;11.18;11.18;50300
8.9.2015;11.37;12.15;11.23;12;12;78700
9.9.2015;12.03;12.18;11.5;11.99;11.99;66300
10.9.2015;11.87;12.12;11.51;12.02;12.02;71200
11.9.2015;11.93;12.3;11.54;12.19;12.19;47200
14.9.2015;12.22;12.22;11.85;12.1;12.1;35400
15.9.2015;12.06;12.75;11.6;12.48;12.48;75300
16.9.2015;12.56;12.87;12.01;12.3;12.3;108500
17.9.2015;12.29;13;12.12;12.65;12.65;98600
18.9.2015;12.26;13.11;12.26;12.54;12.54;159900
21.9.2015;13.25;13.92;11.405;12.17;12.17;152500
22.9.2015;11.93;12.138;11.1;11.27;11.27;78200
23.9.2015;11.26;11.706;11;11.18;11.18;124200
24.9.2015;11.05;11.738;10.75;10.99;10.99;84000
25.9.2015;11.15;11.696;10;10.19;10.19;154100
28.9.2015;10.05;10.08;9.11;9.26;9.26;98400
29.9.2015;9.21;9.6;8.71;8.85;8.85;120500
30.9.2015;8.91;9.486;8.45;8.76;8.76;230000
1.10.2015;8.79;9.864;8.56;8.92;8.92;82600
2.10.2015;8.81;9.56;8.75;9.53;9.53;50200
5.10.2015;9.77;11.11;9.55;10.92;10.92;103900
6.10.2015;11.03;11.52;10.42;11.51;11.51;139100
7.10.2015;11.52;12.23;11.52;12.12;12.12;130800
8.10.2015;11.99;12.295;11.53;11.98;11.98;73100
9.10.2015;12.05;12.11;11.63;11.67;11.67;30200
12.10.2015;11.69;11.69;10.74;11.47;11.47;31400
13.10.2015;11.24;11.64;10.76;10.88;10.88;67400
14.10.2015;10.92;11.4;10.44;10.82;10.82;103300
15.10.2015;10.85;11.43;10.84;11.31;11.31;50900
16.10.2015;11.4;11.74;10.505;10.81;10.81;75000
19.10.2015;10.83;11.32;10.65;11.29;11.29;64800
20.10.2015;11.33;11.442;10.95;11.24;11.24;64900
21.10.2015;11.35;12.15;10.99;11.72;11.72;132300
22.10.2015;11.79;12.11;11.31;11.7;11.7;132100
23.10.2015;11.87;12.03;11.41;11.83;11.83;217200
26.10.2015;11.81;11.91;11.21;11.24;11.24;176100
27.10.2015;11.69;11.99;11.05;11.44;11.44;138400
28.10.2015;11.31;11.97;11.186;11.67;11.67;61100
29.10.2015;11.67;12.11;11.03;11.12;11.12;59300
30.10.2015;11.09;11.28;10.8;11.12;11.12;113900
2.11.2015;11.02;11.64;10.85;11.48;11.48;130100
3.11.2015;11.53;11.54;9.53;11.07;11.07;246500
4.11.2015;11.14;11.44;10.31;11;11;82000
5.11.2015;11;11.38;10.54;10.89;10.89;39900
6.11.2015;10.75;11.11;10.5;10.91;10.91;57600
9.11.2015;11.1;11.2;10.765;10.92;10.92;58900
10.11.2015;11.09;11.09;10.56;10.94;10.94;59500
11.11.2015;10.94;11.08;10.555;10.67;10.67;84400
12.11.2015;10.53;10.63;10.08;10.2;10.2;54400
13.11.2015;10.14;11.06;9.93;10.87;10.87;95300
16.11.2015;10.88;11;10.46;10.8;10.8;35600
17.11.2015;10.85;10.91;10.06;10.24;10.24;71100
18.11.2015;10.17;10.74;10.13;10.49;10.49;57700
19.11.2015;10.53;10.53;10.1;10.27;10.27;37400
20.11.2015;10.33;10.83;10.03;10.54;10.54;44900
23.11.2015;10.69;11.187;10.69;11.08;11.08;160500
24.11.2015;11.11;11.381;11.04;11.33;11.33;110400
25.11.2015;11.35;11.6;11.23;11.58;11.58;106800
27.11.2015;11.55;11.72;11.52;11.64;11.64;32100
30.11.2015;11.75;11.97;11.529;11.79;11.79;83500
1.12.2015;11.93;12;11.62;11.77;11.77;38500
2.12.2015;11;11.41;10.71;10.99;10.99;261100
3.12.2015;10.98;11.18;10.001;10.06;10.06;223300
4.12.2015;9.35;9.63;9.06;9.25;9.25;1844900
7.12.2015;9.3;9.333;8.87;9;9;404100
8.12.2015;8.91;9.52;8.89;9.25;9.25;253900
9.12.2015;9.15;9.41;9.15;9.18;9.18;142800
10.12.2015;9.46;9.94;9.15;9.75;9.75;240700
11.12.2015;9.75;10.04;9.57;9.57;9.57;294700
14.12.2015;9.87;9.89;9.35;9.35;9.35;166900
15.12.2015;9.5;9.915;9.49;9.7;9.7;202600
16.12.2015;9.8;10.7;9.695;10.62;10.62;167900
17.12.2015;10.62;10.91;10.19;10.43;10.43;106100
18.12.2015;10.42;10.86;10.22;10.75;10.75;448900
21.12.2015;10.66;10.94;10.41;10.7;10.7;168900
22.12.2015;10.75;10.89;10.51;10.67;10.67;111200
23.12.2015;10.75;10.91;10.47;10.77;10.77;222300
24.12.2015;10.74;10.85;10.47;10.5;10.5;49200
28.12.2015;10.45;10.7;10.35;10.55;10.55;78500
29.12.2015;10.57;10.79;10.34;10.74;10.74;73300
30.12.2015;10.81;11.13;10.575;10.96;10.96;116700
31.12.2015;10.86;11.03;10.58;10.94;10.94;146800
4.1.2016;10.71;11.03;10.28;10.96;10.96;108500
5.1.2016;10.95;11.199;10.57;10.75;10.75;116600
6.1.2016;10.45;10.82;10.26;10.46;10.46;106100
7.1.2016;10.14;10.54;9.75;10.08;10.08;148200
8.1.2016;10.1;10.44;9.845;9.88;9.88;110400
11.1.2016;9.77;9.89;8.86;9.11;9.11;103900
12.1.2016;9.15;9.37;8.335;8.88;8.88;154600
13.1.2016;8.95;9.05;8.08;8.33;8.33;111500
14.1.2016;8.37;9.11;7.89;8.84;8.84;82500
15.1.2016;8.57;9.23;8.2;8.78;8.78;102400
19.1.2016;8.87;9.68;8.04;8.36;8.36;137500
20.1.2016;8.14;9.405;7.88;9.02;9.02;119000
21.1.2016;9.06;9.308;8.68;8.91;8.91;118000
22.1.2016;9.01;9.32;8.92;9.31;9.31;115500
25.1.2016;9.26;9.63;9.2;9.47;9.47;150900
26.1.2016;9.55;9.68;9.26;9.57;9.57;167500
27.1.2016;9.57;9.72;9.42;9.69;9.69;235400
28.1.2016;9.7;9.7;8.44;9.09;9.09;138700
29.1.2016;9.08;9.28;8.67;8.87;8.87;128400
1.2.2016;8.83;9.23;8.56;9.12;9.12;98600
2.2.2016;9.01;9.21;8.46;8.71;8.71;99200
3.2.2016;8.74;8.98;8.575;8.86;8.86;85700
4.2.2016;8.86;9.66;8.86;9.5;9.5;89800
5.2.2016;9.43;9.43;8.47;8.59;8.59;148300
8.2.2016;8.56;8.565;8.01;8.28;8.28;187400
9.2.2016;8.07;8.33;7.45;7.56;7.56;163800
10.2.2016;8.05;8.57;7.71;7.95;7.95;128900
11.2.2016;7.86;8.14;7.61;7.96;7.96;115600
12.2.2016;8.06;8.37;7.79;8.22;8.22;113600
16.2.2016;8.34;8.771;8.26;8.42;8.42;103600
17.2.2016;9;9;7.65;8.28;8.28;264000
18.2.2016;8.2;8.2;7.741;8.02;8.02;183700
19.2.2016;7.99;8.65;7.95;8.5;8.5;187700
22.2.2016;8.6;9.05;8.38;8.93;8.93;190700
23.2.2016;8.98;9.26;8.13;8.16;8.16;65500
24.2.2016;8.04;8.4;7.67;8.09;8.09;95700
25.2.2016;8.11;8.29;7.72;7.98;7.98;100700
26.2.2016;8.02;8.38;7.954;8.37;8.37;55500
29.2.2016;8.41;8.41;7.96;7.99;7.99;51800
1.3.2016;8.04;8.18;7.9;8.14;8.14;55000
2.3.2016;8.15;9.05;8.15;8.98;8.98;89200
3.3.2016;8.92;9.38;8.9;9.05;9.05;73100
4.3.2016;9.09;9.395;8.59;8.73;8.73;82900
7.3.2016;8.71;9.41;8.71;9.35;9.35;64600
8.3.2016;9.34;9.34;8.82;8.95;8.95;49200
9.3.2016;8.95;9.13;8.71;8.92;8.92;37300
10.3.2016;8.95;9.095;8.4;8.67;8.67;36000
11.3.2016;8.72;8.81;8.49;8.79;8.79;33100
14.3.2016;8.74;9;8.52;8.67;8.67;34500
15.3.2016;8.65;8.65;8.16;8.26;8.26;61400
16.3.2016;8.15;8.28;7.87;8.25;8.25;45900
17.3.2016;8.22;8.73;7.92;8.6;8.6;45600
18.3.2016;8.56;9;8.18;8.51;8.51;79700
21.3.2016;8.53;9;8.5;8.92;8.92;75000
22.3.2016;8.88;9.14;8.88;8.91;8.91;24900
23.3.2016;8.89;9.01;8.51;8.51;8.51;36500
24.3.2016;8.48;8.9;8.48;8.66;8.66;27100
28.3.2016;8.685;8.685;8.5;8.51;8.51;58100
29.3.2016;8.48;9.06;8.24;8.96;8.96;35300
30.3.2016;8.96;9.19;8.51;9.01;9.01;35100
31.3.2016;9.08;10.19;9;9.86;9.86;99500
1.4.2016;9.8;10;9.64;9.76;9.76;43600
4.4.2016;9.74;10.11;9.59;9.75;9.75;44400
5.4.2016;9.69;9.98;9.49;9.49;9.49;63900
6.4.2016;9.55;10.48;9.34;10.21;10.21;367000
7.4.2016;10.17;10.99;10.03;10.91;10.91;113300
8.4.2016;11;11.3;10.64;10.92;10.92;117100
11.4.2016;11.03;11.08;10.331;10.6;10.6;90000
12.4.2016;8.6;9.66;8.6;9.15;9.15;452200
13.4.2016;9.17;9.86;9.08;9.77;9.77;92600
14.4.2016;9.8;9.87;9.49;9.51;9.51;40000
15.4.2016;9.51;9.83;9.36;9.75;9.75;94600
18.4.2016;9.69;10;9.69;9.97;9.97;88400
19.4.2016;10.04;10.04;9.67;9.88;9.88;77600
20.4.2016;9.96;10.09;9.8;9.97;9.97;176400
21.4.2016;10;10.09;9.74;9.84;9.84;71300
22.4.2016;9.85;10.02;9.66;9.84;9.84;37300
25.4.2016;9.86;9.88;9.25;9.32;9.32;53300
26.4.2016;9.32;9.42;9.1;9.23;9.23;65800
27.4.2016;9.12;9.555;8.97;9.21;9.21;75900
28.4.2016;9.29;9.34;9.09;9.25;9.25;46000
29.4.2016;9.14;9.24;8.63;9.17;9.17;92600
2.5.2016;9.26;9.61;8.91;9.31;9.31;117600
3.5.2016;8.05;9.26;7.65;9.09;9.09;150200
4.5.2016;9.12;9.12;8.7;8.95;8.95;70800
5.5.2016;9;9.04;8.54;8.62;8.62;70100
6.5.2016;8.6;8.85;8.5;8.6;8.6;47800
9.5.2016;8.52;9.03;8.5;8.75;8.75;53900
10.5.2016;8.79;8.79;8.43;8.47;8.47;71100
11.5.2016;8.5;8.78;8.3;8.44;8.44;66500
12.5.2016;8.48;8.621;8.15;8.24;8.24;98800
13.5.2016;8.22;8.6;8.02;8.29;8.29;44900
16.5.2016;8.34;8.97;8.34;8.88;8.88;45400
17.5.2016;8.86;8.9;8.31;8.46;8.46;86700
18.5.2016;8.42;8.65;8.32;8.48;8.48;29000
19.5.2016;8.45;8.45;8.02;8.21;8.21;30700
20.5.2016;8.3;8.65;8.27;8.48;8.48;98300
23.5.2016;8.47;8.6;8.24;8.41;8.41;48000
24.5.2016;8.5;8.72;8.46;8.65;8.65;53100
25.5.2016;8.66;8.69;8.42;8.53;8.53;64400
26.5.2016;8.52;8.6;8.44;8.44;8.44;26400
27.5.2016;8.372;8.57;8.3;8.5;8.5;107800
31.5.2016;8.52;8.9;8.52;8.62;8.62;49400
1.6.2016;8.64;8.88;8.48;8.84;8.84;41200
2.6.2016;8.87;9.25;8.87;9.1;9.1;55800
3.6.2016;9.12;9.28;9.05;9.26;9.26;80300
6.6.2016;9.33;9.35;9.11;9.17;9.17;118500
7.6.2016;9.13;9.19;9.01;9.11;9.11;82300
8.6.2016;9.11;9.16;8.88;9.11;9.11;122400
9.6.2016;9.11;9.27;8.585;9.16;9.16;66300
10.6.2016;9.14;9.49;8.81;8.9;8.9;53600
13.6.2016;8.77;9.01;8.38;8.5;8.5;58400
14.6.2016;8.38;8.38;8.02;8.25;8.25;53000
15.6.2016;8.37;8.795;8.06;8.62;8.62;30200
16.6.2016;8.14;9.01;8.14;8.53;8.53;45700
17.6.2016;8.19;8.75;8.19;8.56;8.56;96500
20.6.2016;8.82;8.95;8.7;8.76;8.76;39800
21.6.2016;8.85;8.85;8.34;8.48;8.48;38300
22.6.2016;8.85;9.26;8.62;8.88;8.88;90500
23.6.2016;9.09;9.23;8.88;9.12;9.12;97800
24.6.2016;8.89;9;8.2;8.5;8.5;488600
27.6.2016;8.34;8.5;8.189;8.46;8.46;87600
28.6.2016;8.46;8.54;8.17;8.32;8.32;70200
29.6.2016;8.48;8.48;8.17;8.39;8.39;110400
30.6.2016;8.24;8.24;7.75;7.89;7.89;154800
1.7.2016;7.97;8.042;7.42;7.85;7.85;124400
5.7.2016;7.89;8.01;7.58;7.95;7.95;38300
6.7.2016;7.91;8;7.8;7.87;7.87;56400
7.7.2016;7.86;7.88;7.46;7.61;7.61;45700
8.7.2016;6.02;6.71;5.11;5.32;5.32;796300
11.7.2016;5.61;5.61;5.14;5.22;5.22;344700
12.7.2016;5.25;5.49;4.95;4.96;4.96;337200
13.7.2016;5;5.12;4.92;5.11;5.11;296300
14.7.2016;5.15;5.24;4.92;5.21;5.21;198100
15.7.2016;5.2;5.65;5.1;5.12;5.12;213300
18.7.2016;5.2;5.41;5.11;5.27;5.27;152600
19.7.2016;5.3;5.3;4.95;4.98;4.98;209800
20.7.2016;5.3;5.59;5.16;5.42;5.42;764700
21.7.2016;5.5;5.96;5.49;5.63;5.63;254100
22.7.2016;5.65;5.72;5.38;5.43;5.43;107500
25.7.2016;5.46;5.55;5.2;5.23;5.23;103500
26.7.2016;5.21;5.44;5.2;5.26;5.26;67800
27.7.2016;5.28;5.78;5.21;5.76;5.76;150500
28.7.2016;5.84;5.894;5.4;5.59;5.59;115500
29.7.2016;5.61;5.83;5.48;5.66;5.66;87700
1.8.2016;6.46;7.329;6.13;7.04;7.04;1014500
2.8.2016;6.36;6.496;5.85;6.11;6.11;720400
3.8.2016;6.17;6.33;6.03;6.14;6.14;161500
4.8.2016;6.19;6.84;6.17;6.79;6.79;200800
5.8.2016;6.82;8.12;6.76;7.48;7.48;504600
8.8.2016;7.52;7.608;7.02;7.1;7.1;203800
9.8.2016;7.13;7.229;6.97;7.02;7.02;106200
10.8.2016;7.04;7.04;6.55;6.68;6.68;126900
11.8.2016;6.69;7.17;6.68;7.04;7.04;85200
12.8.2016;7.05;7.22;6.982;7.18;7.18;107700
15.8.2016;7.22;7.34;7.15;7.21;7.21;63500
16.8.2016;7.2;7.2;6.95;6.95;6.95;112100
17.8.2016;6.95;7.075;6.81;6.91;6.91;79400
18.8.2016;6.95;7.07;6.8;7.04;7.04;78000
19.8.2016;7.05;7.07;6.82;6.89;6.89;76500
22.8.2016;6.9;7.05;6.83;6.98;6.98;48000
23.8.2016;7.03;7.36;7.03;7.35;7.35;126500
24.8.2016;7.36;7.51;6.79;6.82;6.82;167200
25.8.2016;6.76;7.04;6.71;6.77;6.77;178400
26.8.2016;6.76;6.965;6.54;6.68;6.68;115700
29.8.2016;6.73;6.78;6.58;6.68;6.68;67800
30.8.2016;6.64;6.84;6.64;6.69;6.69;55700
31.8.2016;6.63;6.7;6.6;6.64;6.64;68600
1.9.2016;6.65;6.775;6.575;6.71;6.71;51800
2.9.2016;6.71;6.76;6.55;6.72;6.72;46800
6.9.2016;6.78;7;6.72;6.84;6.84;76200
7.9.2016;6.85;6.94;6.81;6.89;6.89;45200
8.9.2016;6.88;7.06;6.88;7.03;7.03;79300
9.9.2016;7;7.1;6.57;6.57;6.57;92000
12.9.2016;6.55;6.81;6.5;6.79;6.79;57300
13.9.2016;6.88;6.9;6.58;6.66;6.66;80200
14.9.2016;6.748;6.87;6.64;6.72;6.72;131300
15.9.2016;6.77;6.81;6.52;6.59;6.59;47600
16.9.2016;6.63;6.72;6.542;6.57;6.57;101000
19.9.2016;6.63;6.63;6.42;6.5;6.5;35300
20.9.2016;6.57;6.63;6.19;6.56;6.56;77900
21.9.2016;6.61;6.61;6.42;6.5;6.5;72900
22.9.2016;6.72;7.676;6.643;7.46;7.46;611400
23.9.2016;8;8.04;7.44;7.9;7.9;352900
26.9.2016;7.79;7.85;7.14;7.62;7.62;194900
27.9.2016;7.7;7.7;7.33;7.4;7.4;89700
28.9.2016;7.36;7.54;7.27;7.29;7.29;248800
29.9.2016;7.25;7.387;7.1;7.22;7.22;129600
30.9.2016;7.37;7.37;7.18;7.24;7.24;127900
3.10.2016;7.25;7.29;7.1;7.25;7.25;52300
4.10.2016;7.19;7.25;7.17;7.22;7.22;63000
5.10.2016;7.24;7.456;7.12;7.27;7.27;234000
6.10.2016;7.22;7.35;7.01;7.2;7.2;38900
7.10.2016;7.23;7.23;7.08;7.08;7.08;101200
10.10.2016;7.07;7.22;6.9;7.08;7.08;91100
11.10.2016;7.02;7.03;6.67;6.7;6.7;87000
12.10.2016;6.73;6.73;6.35;6.43;6.43;56700
13.10.2016;6.43;6.752;6.35;6.44;6.44;47100
14.10.2016;6.51;6.79;6.46;6.71;6.71;42900
17.10.2016;6.77;6.77;6.51;6.73;6.73;43000
18.10.2016;6.83;7.26;6.69;7.07;7.07;56400
19.10.2016;7.21;7.21;6.84;7.07;7.07;87800
20.10.2016;7.04;7.22;6.9;7.08;7.08;92600
21.10.2016;7;7.15;6.96;6.99;6.99;46100
24.10.2016;7;7.185;6.94;6.99;6.99;95800
25.10.2016;6.94;6.99;6.71;6.8;6.8;42900
26.10.2016;6.79;6.913;6.56;6.58;6.58;50500
27.10.2016;6.57;6.6;6.325;6.42;6.42;93400
28.10.2016;6.4;6.67;6.35;6.48;6.48;58600
31.10.2016;6.5;6.559;6.14;6.32;6.32;143400
1.11.2016;6.35;6.485;6.03;6.15;6.15;57300
2.11.2016;6.12;6.51;5.7;5.77;5.77;110400
3.11.2016;5.75;5.88;5.26;5.28;5.28;92600
4.11.2016;5.2;5.7;5.101;5.58;5.58;85000
7.11.2016;5.78;6;5.67;6;6;67200
8.11.2016;6;6.33;5.92;6.06;6.06;57600
9.11.2016;6.14;6.88;5.845;6.31;6.31;174500
10.11.2016;6.29;6.65;5.7;6.55;6.55;168500
11.11.2016;6.55;6.99;6.43;6.89;6.89;132200
14.11.2016;6.98;6.98;6.776;6.89;6.89;67700
15.11.2016;6.84;6.95;6.291;6.78;6.78;103100
16.11.2016;6.78;7.07;6.59;6.79;6.79;74400
17.11.2016;6.77;6.85;6.49;6.61;6.61;45000
18.11.2016;6.63;6.75;6.3;6.67;6.67;78900
21.11.2016;6.68;6.8;6.55;6.62;6.62;42300
22.11.2016;6.7;6.77;6.4;6.54;6.54;57900
23.11.2016;6.47;6.68;6.31;6.64;6.64;36200
25.11.2016;6.69;6.79;6.395;6.73;6.73;27400
28.11.2016;6.73;6.79;6.33;6.35;6.35;102200
29.11.2016;6.35;6.52;6.08;6.09;6.09;62100
30.11.2016;6.1;6.14;5.74;5.83;5.83;65100
1.12.2016;5.8;6;5.35;5.46;5.46;97700
2.12.2016;5.46;5.64;5.26;5.27;5.27;93800
5.12.2016;5.36;5.52;5.289;5.47;5.47;35700
6.12.2016;5.5;5.58;5.36;5.4;5.4;84000
7.12.2016;5.3;5.48;5.16;5.3;5.3;98100
8.12.2016;5.31;5.4;5.15;5.24;5.24;77800
9.12.2016;5.25;5.35;5.128;5.15;5.15;106400
12.12.2016;5.17;5.2;4.89;4.89;4.89;199400
13.12.2016;4.93;5.11;4.92;5;5;82100
14.12.2016;5;5.24;4.92;5;5;144500
15.12.2016;5.04;5.16;4.98;5.05;5.05;88200
16.12.2016;5.04;5.19;4.89;4.92;4.92;449900
19.12.2016;4.95;5.3;4.95;5.28;5.28;148700
20.12.2016;5.33;5.45;5.2;5.28;5.28;98700
21.12.2016;5.3;5.48;5.3;5.34;5.34;58200
22.12.2016;5.33;5.33;5.07;5.13;5.13;66300
23.12.2016;5.11;5.69;5.11;5.69;5.69;59000
27.12.2016;5.79;6.03;5.72;5.98;5.98;90100
28.12.2016;5.91;6.01;5.31;5.61;5.61;107300
29.12.2016;5.66;5.66;5.45;5.45;5.45;52500
30.12.2016;5.45;5.45;5.18;5.26;5.26;91000
3.1.2017;5.24;5.43;5.07;5.23;5.23;64200
4.1.2017;5.29;5.463;5.22;5.35;5.35;43500
5.1.2017;5.472;5.472;5.05;5.19;5.19;102300
6.1.2017;5.15;5.22;5.04;5.07;5.07;124400
9.1.2017;5.33;5.368;5.11;5.26;5.26;216100
10.1.2017;5.33;5.649;5.16;5.5;5.5;107500
11.1.2017;5.54;5.61;5.11;5.25;5.25;147500
12.1.2017;5.19;5.41;5.09;5.38;5.38;47800
13.1.2017;5.41;5.712;5.41;5.57;5.57;54800
17.1.2017;5.57;5.57;5.26;5.47;5.47;41400
18.1.2017;5.5;5.685;5.38;5.44;5.44;56800
19.1.2017;5.35;5.39;5.26;5.28;5.28;39600
20.1.2017;5.33;5.34;5.1;5.19;5.19;64100
23.1.2017;5.19;5.19;5.01;5.09;5.09;70000
24.1.2017;5.12;5.23;4.95;5.16;5.16;103900
25.1.2017;5.2;5.53;5.16;5.47;5.47;49000
26.1.2017;5.57;5.575;5.35;5.4;5.4;33900
27.1.2017;5.49;5.55;5.32;5.55;5.55;40900
30.1.2017;5.55;5.55;5.18;5.49;5.49;57200
31.1.2017;5.39;5.583;5.253;5.4;5.4;40600
1.2.2017;5.49;5.56;5.34;5.52;5.52;52100
2.2.2017;5.45;5.497;5.34;5.45;5.45;28900
3.2.2017;5.43;5.6;5.22;5.58;5.58;72900
6.2.2017;5.42;5.72;5.42;5.6;5.6;68200
7.2.2017;5.63;5.749;5.55;5.64;5.64;47800
8.2.2017;5.57;5.7;5.5;5.61;5.61;80000
9.2.2017;5.58;5.75;5.44;5.67;5.67;67000
10.2.2017;5.6;5.989;5.55;5.84;5.84;63600
13.2.2017;5.99;5.99;5.7;5.77;5.77;96200
14.2.2017;5.74;5.88;5.6;5.64;5.64;70000
15.2.2017;5.59;5.83;5.46;5.75;5.75;100200
16.2.2017;5.77;6.29;5.75;6.23;6.23;131200
17.2.2017;6.26;6.33;6;6.07;6.07;64700
21.2.2017;6.07;6.19;5.99;6.01;6.01;40500
22.2.2017;5.973;6;5.77;5.79;5.79;75100
23.2.2017;5.79;5.84;5.72;5.76;5.76;33400
24.2.2017;5.64;5.795;5.5;5.55;5.55;33000
27.2.2017;5.56;5.79;5.5;5.68;5.68;28600
28.2.2017;5.7;5.73;5.6;5.65;5.65;31100
1.3.2017;5.74;6;5.62;5.97;5.97;54500
2.3.2017;6.05;6.26;5.73;5.9;5.9;114900
3.3.2017;5.95;6.05;5.8;6;6;43100
6.3.2017;5.95;6.01;5.835;5.91;5.91;46700
7.3.2017;5.93;6;5.85;5.98;5.98;32400
8.3.2017;6.01;6.189;6.01;6.08;6.08;28100
9.3.2017;6.1;6.42;5.96;6.25;6.25;36900
10.3.2017;6.27;6.39;6.06;6.06;6.06;52200
13.3.2017;6.07;6.15;5.9;6.07;6.07;44400
14.3.2017;6;6.22;5.912;6.07;6.07;26300
15.3.2017;5.7;6.07;5.6;6.05;6.05;67500
16.3.2017;6.09;6.2;5.8;5.84;5.84;63100
17.3.2017;5.72;6.29;5.72;6.06;6.06;213700
20.3.2017;6.15;6.17;5.75;5.88;5.88;67700
21.3.2017;5.91;5.91;5.65;5.73;5.73;60300
22.3.2017;5.76;5.76;5.52;5.54;5.54;54000
23.3.2017;5.58;5.61;5.18;5.22;5.22;46600
24.3.2017;5.33;5.33;5.23;5.28;5.28;36500
27.3.2017;5.23;5.7;5.23;5.54;5.54;50200
28.3.2017;5.51;5.541;5.34;5.51;5.51;42500
29.3.2017;5.5;5.65;5.44;5.62;5.62;25400
30.3.2017;5.57;5.57;5.25;5.28;5.28;125100
31.3.2017;5.3;5.335;5.226;5.26;5.26;25800
3.4.2017;5.28;5.4;5.24;5.26;5.26;34300
4.4.2017;5.26;5.26;5.08;5.1;5.1;76300
5.4.2017;5.15;5.17;5;5.12;5.12;87700
6.4.2017;5.12;5.18;5.02;5.08;5.08;64600
7.4.2017;5.07;5.19;4.95;4.97;4.97;37700
10.4.2017;5;5.07;4.9;5.04;5.04;31600
11.4.2017;5.05;5.19;4.99;5.16;5.16;25600
12.4.2017;5.17;5.21;5;5.01;5.01;37900
13.4.2017;5.01;5.1;4.81;4.96;4.96;61500
17.4.2017;4.95;5.1;4.924;5.08;5.08;51300
18.4.2017;5.05;5.12;4.87;5.1;5.1;27500
19.4.2017;5.11;5.15;4.935;5.09;5.09;65700
20.4.2017;5.14;5.14;4.98;5.06;5.06;34600
21.4.2017;5;5.03;4.86;4.99;4.99;56100
24.4.2017;5.05;5.05;4.9;4.96;4.96;20600
25.4.2017;5.02;5.1;4.898;5.04;5.04;29700
26.4.2017;5.04;5.25;4.91;5.19;5.19;311100
27.4.2017;5.23;5.24;5.12;5.14;5.14;41400
28.4.2017;5.1;5.1;4.73;4.81;4.81;89300
1.5.2017;4.79;4.81;4.61;4.74;4.74;74700
2.5.2017;4.64;4.76;4.5;4.53;4.53;65200
3.5.2017;4.5;4.5;3.874;3.97;3.97;294400
4.5.2017;4.03;4.04;3.45;3.81;3.81;135100
5.5.2017;3.78;4.05;3.76;3.98;3.98;133300
8.5.2017;4.21;4.43;3.65;3.74;3.74;92300
9.5.2017;3.82;3.86;3.5;3.61;3.61;101500
10.5.2017;3.6;3.65;3.35;3.52;3.52;121700
11.5.2017;3.63;3.63;3.3;3.45;3.45;86600
12.5.2017;3.45;3.59;3.36;3.47;3.47;85400
15.5.2017;3.5;3.62;3.46;3.49;3.49;60800
16.5.2017;3.49;3.55;3.38;3.44;3.44;48600
17.5.2017;3.37;3.44;3.17;3.23;3.23;104100
18.5.2017;3.339;3.51;3.19;3.23;3.23;58800
19.5.2017;3.21;3.35;3.15;3.23;3.23;51200
22.5.2017;3.23;3.36;3.186;3.31;3.31;54900
23.5.2017;3.35;3.48;3.27;3.37;3.37;625600
24.5.2017;3.37;3.49;3.19;3.26;3.26;200100
25.5.2017;3.3;3.34;3.02;3.15;3.15;473900
26.5.2017;3.21;3.32;3.135;3.22;3.22;42300
30.5.2017;3.22;3.29;3.12;3.23;3.23;166600
31.5.2017;3.26;3.33;3.17;3.31;3.31;99200
1.6.2017;3.3;3.85;3.231;3.72;3.72;208400
2.6.2017;3.75;3.75;3.52;3.55;3.55;92400
5.6.2017;3.59;3.59;3.36;3.46;3.46;36900
6.6.2017;3.5;3.578;3.43;3.49;3.49;129900
7.6.2017;3.45;3.535;3.35;3.41;3.41;70900
8.6.2017;3.45;3.495;3.35;3.43;3.43;55600
9.6.2017;3.25;3.44;3.1;3.36;3.36;117500
12.6.2017;3.38;3.46;3.26;3.3;3.3;70700
13.6.2017;3.31;3.47;3.3;3.44;3.44;85300
14.6.2017;3.45;3.58;3.44;3.49;3.49;114400
15.6.2017;3.46;3.51;3.37;3.45;3.45;60000
16.6.2017;3.48;3.579;3.39;3.48;3.48;79400
19.6.2017;3.45;3.53;3.43;3.5;3.5;82900
20.6.2017;3.48;3.639;3.48;3.52;3.52;94100
21.6.2017;3.55;4.6;3.5;4.43;4.43;397200
22.6.2017;4.26;4.447;3.95;4;4;296700
23.6.2017;4.1;4.189;3.87;3.87;3.87;1630300
26.6.2017;3.94;4.032;3.571;3.65;3.65;187500
27.6.2017;3.6;3.75;3.42;3.47;3.47;215600
28.6.2017;3.5;3.55;3.36;3.47;3.47;217000
29.6.2017;3.35;3.5;3.19;3.26;3.26;90400
30.6.2017;3.29;3.295;3.12;3.21;3.21;147700
3.7.2017;3.25;3.3;3.07;3.09;3.09;122000
5.7.2017;3.15;3.235;3.11;3.15;3.15;127100
6.7.2017;3.09;3.2;3;3.02;3.02;341900
7.7.2017;3.08;3.12;2.9;2.95;2.95;103700
10.7.2017;2.9;3.04;2.88;2.91;2.91;107900
11.7.2017;2.95;2.95;2.719;2.72;2.72;183900
12.7.2017;2.76;2.807;2.5;2.52;2.52;539300
13.7.2017;2.52;2.659;2.52;2.62;2.62;107900
14.7.2017;2.63;2.729;2.63;2.65;2.65;95700
17.7.2017;2.69;2.745;2.623;2.66;2.66;94700
18.7.2017;2.9;3.226;2.82;2.99;2.99;1825700
19.7.2017;2.99;3.07;2.76;2.86;2.86;359100
20.7.2017;3.01;3.01;2.8;2.86;2.86;191000
21.7.2017;2.88;2.89;2.65;2.71;2.71;189600
24.7.2017;2.73;2.73;2.6;2.69;2.69;101100
25.7.2017;2.69;2.96;2.655;2.82;2.82;170800
26.7.2017;2.81;2.839;2.65;2.67;2.67;94000
27.7.2017;2.7;2.765;2.63;2.68;2.68;55500
28.7.2017;2.67;2.67;2.55;2.62;2.62;77700
31.7.2017;2.61;2.71;2.53;2.63;2.63;40300
1.8.2017;2.62;2.65;2.539;2.63;2.63;48400
2.8.2017;2.63;2.67;2.56;2.62;2.62;37500
3.8.2017;2.63;2.65;2.55;2.58;2.58;44100
4.8.2017;2.55;3.034;2.55;2.98;2.98;294800
7.8.2017;2.99;3.15;2.86;3.1;3.1;350600
8.8.2017;3.13;3.225;2.9;2.96;2.96;91300
9.8.2017;2.91;2.99;2.8;2.98;2.98;146200
10.8.2017;2.98;3.08;2.93;3.07;3.07;102700
11.8.2017;3.06;3.34;3.06;3.27;3.27;186400
14.8.2017;3.26;4.07;3.26;3.91;3.91;544600
15.8.2017;4;4.15;3.75;4.14;4.14;287900
16.8.2017;4.17;4.4;4.07;4.1;4.1;238100
17.8.2017;4.12;4.149;3.66;3.9;3.9;136100
18.8.2017;3.88;4.07;3.751;3.99;3.99;113300
21.8.2017;4;4.18;3.87;4.18;4.18;62600
22.8.2017;4.23;4.291;3.881;3.99;3.99;98700
23.8.2017;4;4;3.75;3.95;3.95;91600
24.8.2017;4.18;4.31;3.99;4.12;4.12;84700
25.8.2017;4.16;4.28;3.93;4;4;65100
28.8.2017;4.01;4.3;4;4.21;4.21;108800
29.8.2017;4.17;4.405;4.11;4.15;4.15;111900
30.8.2017;4.3;4.3;3.99;4.16;4.16;157200
31.8.2017;4.13;4.37;4.13;4.19;4.19;75600
1.9.2017;4.31;4.35;4.127;4.35;4.35;74300
5.9.2017;4.36;4.448;4.236;4.36;4.36;62700
6.9.2017;4.388;4.663;4.388;4.52;4.52;133300
7.9.2017;4.57;4.87;4.333;4.86;4.86;86900
8.9.2017;4.81;4.92;4.67;4.74;4.74;90800
11.9.2017;4.69;5.4;4.65;5.19;5.19;257000
12.9.2017;5.19;5.82;5.113;5.62;5.62;295800
13.9.2017;5.76;6.99;5.611;6.78;6.78;556200
14.9.2017;6.72;6.739;5.89;6.08;6.08;489600
15.9.2017;4.11;4.92;4.11;4.52;4.52;5491000
18.9.2017;4.7;4.7;4.45;4.6;4.6;513300
19.9.2017;4.61;4.69;4.4;4.45;4.45;333900
20.9.2017;4.38;4.54;4.2;4.26;4.26;328500
21.9.2017;4.29;4.31;4.15;4.16;4.16;181400
22.9.2017;4.15;4.32;4.13;4.29;4.29;131200
25.9.2017;4.25;4.55;4.25;4.48;4.48;200800
26.9.2017;4.7;4.7;4.39;4.58;4.58;271000
27.9.2017;4.61;4.65;4.466;4.49;4.49;182300
28.9.2017;4.52;4.63;4.47;4.49;4.49;122800
29.9.2017;4.5;4.5;4.2;4.2;4.2;261000
2.10.2017;4.24;4.38;4.22;4.31;4.31;127600
3.10.2017;4.4;4.729;4.36;4.52;4.52;306800
4.10.2017;4.7;4.713;4.47;4.54;4.54;254000
5.10.2017;4.55;4.86;4.54;4.6;4.6;373100
6.10.2017;4.7;4.75;4.41;4.47;4.47;303800
9.10.2017;4.45;4.53;4.31;4.32;4.32;118900
10.10.2017;4.39;4.53;4.22;4.27;4.27;137400
11.10.2017;4.3;4.39;4.18;4.36;4.36;139900
12.10.2017;4.38;4.38;4.17;4.2;4.2;167600
13.10.2017;4.26;4.29;4.15;4.21;4.21;269200
16.10.2017;4.27;4.35;4.17;4.26;4.26;178800
17.10.2017;4.28;4.35;4.168;4.21;4.21;214400
18.10.2017;4.38;4.5;4.15;4.19;4.19;267200
19.10.2017;4.16;4.24;3.95;4.07;4.07;244000
20.10.2017;4.08;4.11;4.02;4.05;4.05;67100
23.10.2017;4.07;4.09;3.8;3.8;3.8;217200
24.10.2017;3.81;4.05;3.603;4.02;4.02;336100
25.10.2017;4.02;4.1;3.84;4.09;4.09;213100
26.10.2017;4.05;4.08;3.85;4.03;4.03;112300
27.10.2017;4.04;4.09;3.83;3.96;3.96;241800
30.10.2017;3.98;4;3.82;3.85;3.85;81000
31.10.2017;3.87;3.939;3.67;3.73;3.73;115700
1.11.2017;3.75;3.85;3.64;3.82;3.82;123400
2.11.2017;3.85;3.93;3.75;3.8;3.8;76000
3.11.2017;3.85;4.38;3.84;4.17;4.17;426400
6.11.2017;4.2;4.236;4.124;4.2;4.2;179400
7.11.2017;4.22;4.26;4.13;4.15;4.15;145100
8.11.2017;4.15;4.23;4.081;4.2;4.2;196100
9.11.2017;4.17;4.18;4.05;4.12;4.12;100900
10.11.2017;4.15;4.165;4.1;4.15;4.15;127600
13.11.2017;4.15;4.15;3.92;3.97;3.97;93400
14.11.2017;3.95;4.004;3.75;3.9;3.9;247600
15.11.2017;3.88;4.07;3.779;4.05;4.05;112800
16.11.2017;4.11;4.15;4.03;4.08;4.08;99000
17.11.2017;4.05;4.05;3.92;3.99;3.99;86200
20.11.2017;3.96;4.12;3.92;4.05;4.05;189600
21.11.2017;4.12;4.12;3.93;4.05;4.05;149000
22.11.2017;4.03;4.17;3.99;4.02;4.02;120100
24.11.2017;4.05;4.378;4.035;4.3;4.3;236400
27.11.2017;4.24;4.39;4.18;4.33;4.33;194900
28.11.2017;4.3;4.36;4.2;4.29;4.29;169700
29.11.2017;4.29;4.321;4.13;4.2;4.2;175900
30.11.2017;4.2;4.24;4.12;4.18;4.18;137800
1.12.2017;4.2;4.21;3.83;4.1;4.1;484500
4.12.2017;4.12;4.21;4.02;4.08;4.08;249200
5.12.2017;4.08;4.126;3.981;4.03;4.03;198900
6.12.2017;4.01;4.07;3.9;4;4;212600
7.12.2017;4.04;4.25;3.97;4.09;4.09;251000
8.12.2017;4.13;4.15;4;4;4;175000
11.12.2017;4.05;4.06;3.95;3.98;3.98;139400
12.12.2017;3.99;4.12;3.858;4;4;325500
13.12.2017;4.03;4.13;3.96;4.06;4.06;213000
14.12.2017;4.09;4.29;4.03;4.26;4.26;794000
15.12.2017;4.25;4.39;4.12;4.15;4.15;360900
18.12.2017;4.2;4.22;4.06;4.14;4.14;155000
19.12.2017;4.16;4.32;4.149;4.19;4.19;150600
20.12.2017;4.24;4.292;4.14;4.2;4.2;849900
21.12.2017;4.21;4.28;4.05;4.08;4.08;332000
22.12.2017;4.08;4.28;4.08;4.24;4.24;261600
26.12.2017;4.27;4.469;4;4.17;4.17;710900
27.12.2017;4.19;4.25;4.05;4.06;4.06;289100
28.12.2017;4.1;4.16;4.01;4.1;4.1;287500
29.12.2017;4.11;4.163;4.1;4.12;4.12;169700
2.1.2018;4.1;4.45;4.07;4.43;4.43;541300
3.1.2018;4.47;4.75;4.45;4.64;4.64;542800
4.1.2018;4.69;4.719;4.441;4.67;4.67;189300
5.1.2018;4.75;5.047;4.62;5.01;5.01;535800
8.1.2018;5.05;5.11;4.844;5.09;5.09;296200
9.1.2018;5.14;5.47;5.02;5.11;5.11;510000
10.1.2018;5.12;5.58;5.048;5.56;5.56;379800
11.1.2018;5.61;5.82;5.35;5.42;5.42;384400
12.1.2018;5.4;5.512;5.16;5.2;5.2;250800
16.1.2018;5.25;5.28;4.85;4.99;4.99;227000
17.1.2018;4.96;5;4.62;4.8;4.8;308200
18.1.2018;4.83;5.181;4.75;5.12;5.12;139600
19.1.2018;5.12;5.25;4.95;5.23;5.23;168800
22.1.2018;5.2;5.29;5.06;5.09;5.09;146200
23.1.2018;5.12;5.26;4.98;5.06;5.06;106400
24.1.2018;5.15;5.16;5;5.06;5.06;124000
25.1.2018;5.1;5.2;5.06;5.19;5.19;88700
26.1.2018;5.19;5.26;5.131;5.23;5.23;103700
29.1.2018;5.25;5.283;4.789;5.02;5.02;329000
30.1.2018;4.97;5.01;4.891;4.96;4.96;47200
31.1.2018;4.95;4.99;4.72;4.95;4.95;167300
1.2.2018;4.91;5.08;4.846;4.92;4.92;143500
2.2.2018;4.88;4.88;4.51;4.67;4.67;248800
5.2.2018;4.67;4.75;4.4;4.51;4.51;189600
6.2.2018;4.41;4.68;3.852;4.62;4.62;492000
7.2.2018;4.63;4.7;4.43;4.69;4.69;159400
8.2.2018;4.68;4.7;4.35;4.54;4.54;150800
9.2.2018;4.56;4.735;3.934;4.28;4.28;316200
12.2.2018;4.31;4.58;4.23;4.41;4.41;111100
13.2.2018;4.4;4.54;4.27;4.44;4.44;92400
14.2.2018;4.45;4.84;4.4;4.77;4.77;162000
15.2.2018;4.76;4.94;4.62;4.86;4.86;130100
16.2.2018;4.83;4.878;4.545;4.57;4.57;139700
20.2.2018;4.52;4.709;4.44;4.46;4.46;96100
21.2.2018;4.5;4.64;4.37;4.42;4.42;106300
22.2.2018;4.45;4.45;4.15;4.21;4.21;124200
23.2.2018;4.23;4.52;4.04;4.51;4.51;340100
26.2.2018;4.55;4.56;4.39;4.46;4.46;56800
27.2.2018;4.41;5.27;4.41;5.18;5.18;552600
28.2.2018;5.62;5.73;5.22;5.25;5.25;822000
1.3.2018;5.21;5.25;4.85;5.08;5.08;462800
2.3.2018;5.1;6.49;4.97;6.36;6.36;1552770
